schema_version,event_id,parent_order_id,policy_version,instrument_id,venue_id,regime_id,bid_price_ticks,ask_price_ticks,spread_ticks,bid_qty,ask_qty,latency_nanos,fill_probability_bps,toxicity_bps,reject_rate_bps,slippage_bps,route_child_order_count,route_residual_qty,label_fill_bps,label_slippage_bps,label_toxicity_bps,label_regime_id
feature-schema-v1,10001,70001,20,0,0,0,99994,99995,1,210000,204000,57000,9150,90,40,0,2,0,10000,0,90,0
feature-schema-v1,10002,70001,20,0,1,0,99996,99998,2,169000,159000,41700,8700,300,90,2,2,0,10000,5,365,0
feature-schema-v1,10003,70001,20,0,2,0,99998,100003,5,148000,134000,98400,8200,440,190,7,2,0,10000,13,570,0
feature-schema-v1,10004,70001,20,0,3,0,100000,100006,6,127000,109000,135100,7600,1140,420,18,2,250,5000,27,1335,0
feature-schema-v1,10005,70001,20,0,4,0,100001,100012,11,101000,79000,226800,6950,740,1310,33,2,1000,0,45,1000,0
feature-schema-v1,10006,70002,20,0,0,1,99996,100002,6,122500,119500,87000,7860,450,260,13,3,250,10000,18,556,1
feature-schema-v1,10007,70002,20,0,1,1,99999,100006,7,81500,74500,71700,7410,660,310,15,3,500,5000,23,831,1
feature-schema-v1,10008,70002,20,0,2,1,100002,100009,7,60500,49500,128400,6910,800,410,20,3,500,5000,31,1036,1
feature-schema-v1,10009,70002,20,0,3,1,99990,100001,11,39500,24500,165100,6310,1500,640,31,3,1250,0,45,1801,1
feature-schema-v1,10010,70002,20,0,4,1,99990,100006,16,13500,1000,256800,5660,1100,1530,46,3,1250,0,63,1466,1
feature-schema-v1,10011,70003,20,0,0,2,99996,100012,16,80000,80000,112000,6870,1110,480,33,4,1750,0,43,1322,2
feature-schema-v1,10012,70003,20,0,1,2,99987,100001,14,39000,35000,96700,6420,1320,530,35,4,1750,0,48,1597,2
feature-schema-v1,10013,70003,20,0,2,2,99989,100006,17,18000,10000,153400,5920,1460,630,40,4,1750,0,56,1802,2
feature-schema-v1,10014,70003,20,0,3,2,99990,100011,21,1000,1000,190100,5320,2160,860,51,4,1750,0,70,2567,2
feature-schema-v1,10015,70003,20,0,4,2,99992,100015,23,1000,1000,281800,4670,1760,1750,66,4,1750,0,88,2232,2
feature-schema-v1,10016,70004,20,0,0,3,99983,100009,26,50500,53500,137000,5580,750,1010,54,5,2500,0,69,1068,3
feature-schema-v1,10017,70004,20,0,1,3,99986,100013,27,9500,8500,121700,5130,960,1060,56,5,2500,0,74,1343,3
feature-schema-v1,10018,70004,20,0,2,3,99987,100017,30,1000,1000,178400,4630,1100,1160,61,5,2500,0,82,1548,3
feature-schema-v1,10019,70004,20,0,3,3,99990,100021,31,1000,1000,215100,4030,1800,1390,72,5,2500,0,96,2313,3
feature-schema-v1,10020,70004,20,0,4,3,99977,100013,36,1000,1000,306800,3380,1400,2280,87,5,2500,0,114,1978,3
feature-schema-v1,10021,70005,20,1,0,0,249998,249999,1,213500,207500,60500,9230,135,40,2,3,0,10000,2,151,0
feature-schema-v1,10022,70005,20,1,1,0,250000,250002,2,172500,162500,45200,8780,345,90,4,3,0,10000,7,426,0
feature-schema-v1,10023,70005,20,1,2,0,250002,250007,5,151500,137500,101900,8280,485,190,9,3,0,10000,15,631,0
feature-schema-v1,10024,70005,20,1,3,0,249991,249997,6,130500,112500,138600,7680,1185,420,20,3,250,5000,29,1396,0
feature-schema-v1,10025,70005,20,1,4,0,249992,250003,11,104500,82500,230300,7030,785,1310,35,3,1000,0,48,1061,0
feature-schema-v1,10026,70006,20,1,0,1,250000,250006,6,126000,123000,90500,7940,495,260,15,4,250,10000,20,617,1
feature-schema-v1,10027,70006,20,1,1,1,250003,250010,7,85000,78000,75200,7490,705,310,17,4,500,5000,25,892,1
feature-schema-v1,10028,70006,20,1,2,1,249993,250000,7,64000,53000,131900,6990,845,410,22,4,500,5000,33,1097,1
feature-schema-v1,10029,70006,20,1,3,1,249994,250005,11,43000,28000,168600,6390,1545,640,33,4,1250,0,47,1862,1
feature-schema-v1,10030,70006,20,1,4,1,249994,250010,16,17000,1000,260300,5740,1145,1530,48,4,1250,0,66,1527,1
feature-schema-v1,10031,70007,20,1,0,2,249987,250003,16,83500,83500,115500,6950,1155,480,35,5,1750,0,45,1383,2
feature-schema-v1,10032,70007,20,1,1,2,249991,250005,14,42500,38500,100200,6500,1365,530,37,5,1750,0,50,1658,2
feature-schema-v1,10033,70007,20,1,2,2,249993,250010,17,21500,13500,156900,6000,1505,630,42,5,1750,0,58,1863,2
feature-schema-v1,10034,70007,20,1,3,2,249994,250015,21,1000,1000,193600,5400,2205,860,53,5,1750,0,72,2628,2
feature-schema-v1,10035,70007,20,1,4,2,249983,250006,23,1000,1000,285300,4750,1805,1750,68,5,1750,0,91,2293,2
feature-schema-v1,10036,70008,20,1,0,3,249987,250013,26,54000,57000,140500,5660,795,1010,56,2,2500,0,71,1130,3
feature-schema-v1,10037,70008,20,1,1,3,249990,250017,27,13000,12000,125200,5210,1005,1060,58,2,2500,0,76,1405,3
feature-schema-v1,10038,70008,20,1,2,3,249991,250021,30,1000,1000,181900,4710,1145,1160,63,2,2500,0,84,1610,3
feature-schema-v1,10039,70008,20,1,3,3,249981,250012,31,1000,1000,218600,4110,1845,1390,74,2,2500,0,98,2375,3
feature-schema-v1,10040,70008,20,1,4,3,249981,250017,36,1000,1000,310300,3460,1445,2280,89,2,2500,0,117,2040,3
feature-schema-v1,10041,70009,20,2,0,0,18502,18503,1,217000,211000,64000,9310,180,40,4,4,0,10000,5,212,0
feature-schema-v1,10042,70009,20,2,1,0,18504,18506,2,176000,166000,48700,8860,390,90,6,4,0,10000,10,487,0
feature-schema-v1,10043,70009,20,2,2,0,18493,18498,5,155000,141000,105400,8360,530,190,11,4,0,10000,18,692,0
feature-schema-v1,10044,70009,20,2,3,0,18495,18501,6,134000,116000,142100,7760,1230,420,22,4,250,5000,32,1457,0
feature-schema-v1,10045,70009,20,2,4,0,18496,18507,11,108000,86000,233800,7110,830,1310,37,4,1000,0,50,1122,0
feature-schema-v1,10046,70010,20,2,0,1,18491,18497,6,129500,126500,94000,8020,540,260,17,5,500,5000,23,678,1
feature-schema-v1,10047,70010,20,2,1,1,18494,18501,7,88500,81500,78700,7570,750,310,19,5,500,5000,28,953,1
feature-schema-v1,10048,70010,20,2,2,1,18497,18504,7,67500,56500,135400,7070,890,410,24,5,500,5000,36,1158,1
feature-schema-v1,10049,70010,20,2,3,1,18498,18509,11,46500,31500,172100,6470,1590,640,35,5,1250,0,50,1923,1
feature-schema-v1,10050,70010,20,2,4,1,18498,18514,16,20500,1500,263800,5820,1190,1530,50,5,1250,0,68,1588,1
feature-schema-v1,10051,70011,20,2,0,2,18491,18507,16,87000,87000,119000,7030,1200,480,37,2,1750,0,48,1445,2
feature-schema-v1,10052,70011,20,2,1,2,18495,18509,14,46000,42000,103700,6580,1410,530,39,2,1750,0,53,1720,2
feature-schema-v1,10053,70011,20,2,2,2,18497,18514,17,25000,17000,160400,6080,1550,630,44,2,1750,0,61,1925,2
feature-schema-v1,10054,70011,20,2,3,2,18485,18506,21,4000,1000,197100,5480,2250,860,55,2,1750,0,75,2690,2
feature-schema-v1,10055,70011,20,2,4,2,18487,18510,23,1000,1000,288800,4830,1850,1750,70,2,1750,0,93,2355,2
feature-schema-v1,10056,70012,20,2,0,3,18491,18517,26,57500,60500,144000,5740,840,1010,58,3,2500,0,74,1191,3
feature-schema-v1,10057,70012,20,2,1,3,18481,18508,27,16500,15500,128700,5290,1050,1060,60,3,2500,0,79,1466,3
feature-schema-v1,10058,70012,20,2,2,3,18482,18512,30,1000,1000,185400,4790,1190,1160,65,3,2500,0,87,1671,3
feature-schema-v1,10059,70012,20,2,3,3,18485,18516,31,1000,1000,222100,4190,1890,1390,76,3,2500,0,101,2436,3
feature-schema-v1,10060,70012,20,2,4,3,18485,18521,36,1000,1000,313800,3540,1490,2280,91,3,2500,0,119,2101,3
feature-schema-v1,10061,70013,20,0,0,0,100011,100013,2,212800,205800,59800,9090,125,85,2,3,0,10000,2,136,0
feature-schema-v1,10062,70013,20,0,1,0,100001,100004,3,171800,160800,44500,8640,335,135,4,3,0,10000,7,411,0
feature-schema-v1,10063,70013,20,0,2,0,100004,100007,3,150800,135800,101200,8140,475,235,9,3,0,10000,15,616,0
feature-schema-v1,10064,70013,20,0,3,0,100005,100012,7,129800,110800,137900,7540,1175,465,20,3,250,5000,29,1381,0
feature-schema-v1,10065,70013,20,0,4,0,100005,100017,12,83800,80800,229600,6890,775,1355,35,3,1000,0,47,1046,0
feature-schema-v1,10066,70014,20,0,0,1,100001,100008,7,125300,121300,89800,7800,485,305,15,4,500,5000,20,603,1
feature-schema-v1,10067,70014,20,0,1,1,100005,100010,5,84300,76300,74500,7350,695,355,17,4,500,5000,25,878,1
feature-schema-v1,10068,70014,20,0,2,1,100006,100014,8,63300,51300,131200,6850,835,455,22,4,500,5000,33,1083,1
feature-schema-v1,10069,70014,20,0,3,1,100007,100019,12,42300,26300,167900,6250,1535,685,33,4,1250,0,47,1848,1
feature-schema-v1,10070,70014,20,0,4,1,99996,100010,14,1000,1000,259600,5600,1135,1575,48,4,1250,0,65,1513,1
feature-schema-v1,10071,70015,20,0,0,2,100002,100016,14,82800,81800,114800,6810,1145,525,35,5,1750,0,45,1369,2
feature-schema-v1,10072,70015,20,0,1,2,100005,100020,15,41800,36800,99500,6360,1355,575,37,5,1750,0,50,1644,2
feature-schema-v1,10073,70015,20,0,2,2,99993,100011,18,20800,11800,156200,5860,1495,675,42,5,1750,0,58,1849,2
feature-schema-v1,10074,70015,20,0,3,2,99996,100015,19,1000,1000,192900,5260,2195,905,53,5,1750,0,72,2614,2
feature-schema-v1,10075,70015,20,0,4,2,99996,100020,24,1000,1000,284600,4610,1795,1795,68,5,1750,0,90,2279,2
feature-schema-v1,10076,70016,20,0,0,3,99988,100015,27,53300,43300,139800,5520,785,1055,56,2,2500,0,71,1115,3
feature-schema-v1,10077,70016,20,0,1,3,99990,100018,28,12300,1000,124500,5070,995,1105,58,2,2500,0,76,1390,3
feature-schema-v1,10078,70016,20,0,2,3,99993,100021,28,1000,1000,181200,4570,1135,1205,63,2,2500,0,84,1595,3
feature-schema-v1,10079,70016,20,0,3,3,99994,100026,32,1000,1000,217900,3970,1835,1435,74,2,2500,0,98,2360,3
feature-schema-v1,10080,70016,20,0,4,3,99995,100032,37,1000,1000,309600,3320,1435,2325,89,2,2500,0,116,2025,3
feature-schema-v1,10081,70017,20,1,0,0,250005,250007,2,216300,209300,63300,9170,170,85,4,4,0,10000,5,198,0
feature-schema-v1,10082,70017,20,1,1,0,250008,250011,3,175300,164300,48000,8720,380,135,6,4,0,10000,10,473,0
feature-schema-v1,10083,70017,20,1,2,0,250011,250014,3,154300,139300,104700,8220,520,235,11,4,0,10000,18,678,0
feature-schema-v1,10084,70017,20,1,3,0,250012,250019,7,133300,114300,141400,7620,1220,465,22,4,250,5000,32,1443,0
feature-schema-v1,10085,70017,20,1,4,0,249999,250011,12,87300,84300,233100,6970,820,1355,37,4,1000,0,50,1108,0
feature-schema-v1,10086,70018,20,1,0,1,250008,250015,7,128800,124800,93300,7880,530,305,17,5,500,5000,23,664,1
feature-schema-v1,10087,70018,20,1,1,1,250012,250017,5,87800,79800,78000,7430,740,355,19,5,500,5000,28,939,1
feature-schema-v1,10088,70018,20,1,2,1,250000,250008,8,66800,54800,134700,6930,880,455,24,5,500,5000,36,1144,1
feature-schema-v1,10089,70018,20,1,3,1,250001,250013,12,45800,29800,171400,6330,1580,685,35,5,1250,0,50,1909,1
feature-schema-v1,10090,70018,20,1,4,1,250003,250017,14,1000,1000,263100,5680,1180,1575,50,5,1250,0,68,1574,1
feature-schema-v1,10091,70019,20,1,0,2,250009,250023,14,86300,85300,118300,6890,1190,525,37,2,1750,0,48,1430,2
feature-schema-v1,10092,70019,20,1,1,2,249999,250014,15,45300,40300,103000,6440,1400,575,39,2,1750,0,53,1705,2
feature-schema-v1,10093,70019,20,1,2,2,250000,250018,18,24300,15300,159700,5940,1540,675,44,2,1750,0,61,1910,2
feature-schema-v1,10094,70019,20,1,3,2,250003,250022,19,3300,1000,196400,5340,2240,905,55,2,1750,0,75,2675,2
feature-schema-v1,10095,70019,20,1,4,2,250003,250027,24,1000,1000,288100,4690,1840,1795,70,2,1750,0,93,2340,2
feature-schema-v1,10096,70020,20,1,0,3,249995,250022,27,56800,46800,143300,5600,830,1055,58,3,2500,0,74,1176,3
feature-schema-v1,10097,70020,20,1,1,3,249997,250025,28,15800,1800,128000,5150,1040,1105,60,3,2500,0,79,1451,3
feature-schema-v1,10098,70020,20,1,2,3,250000,250028,28,1000,1000,184700,4650,1180,1205,65,3,2500,0,87,1656,3
feature-schema-v1,10099,70020,20,1,3,3,249988,250020,32,1000,1000,221400,4050,1880,1435,76,3,2500,0,101,2421,3
feature-schema-v1,10100,70020,20,1,4,3,249989,250026,37,1000,1000,313100,3400,1480,2325,91,3,2500,0,119,2086,3
feature-schema-v1,10101,70021,20,2,0,0,18512,18514,2,219800,212800,66800,9250,215,85,6,5,0,10000,8,259,0
feature-schema-v1,10102,70021,20,2,1,0,18515,18518,3,178800,167800,51500,8800,425,135,8,5,0,10000,13,534,0
feature-schema-v1,10103,70021,20,2,2,0,18518,18521,3,157800,142800,108200,8300,565,235,13,5,0,10000,21,739,0
feature-schema-v1,10104,70021,20,2,3,0,18506,18513,7,136800,117800,144900,7700,1265,465,24,5,250,5000,35,1504,0
feature-schema-v1,10105,70021,20,2,4,0,18506,18518,12,90800,87800,236600,7050,865,1355,39,5,1000,0,53,1169,0
feature-schema-v1,10106,70022,20,2,0,1,18515,18522,7,132300,128300,96800,7960,575,305,19,2,500,5000,26,725,1
feature-schema-v1,10107,70022,20,2,1,1,18506,18511,5,91300,83300,81500,7510,785,355,21,2,500,5000,31,1000,1
feature-schema-v1,10108,70022,20,2,2,1,18507,18515,8,70300,58300,138200,7010,925,455,26,2,500,5000,39,1205,1
feature-schema-v1,10109,70022,20,2,3,1,18508,18520,12,49300,33300,174900,6410,1625,685,37,2,1250,0,53,1970,1
feature-schema-v1,10110,70022,20,2,4,1,18510,18524,14,3300,3300,266600,5760,1225,1575,52,2,1250,0,71,1635,1
feature-schema-v1,10111,70023,20,2,0,2,18503,18517,14,89800,88800,121800,6970,1235,525,39,3,1750,0,51,1491,2
feature-schema-v1,10112,70023,20,2,1,2,18506,18521,15,48800,43800,106500,6520,1445,575,41,3,1750,0,56,1766,2
feature-schema-v1,10113,70023,20,2,2,2,18507,18525,18,27800,18800,163200,6020,1585,675,46,3,1750,0,64,1971,2
feature-schema-v1,10114,70023,20,2,3,2,18510,18529,19,6800,1000,199900,5420,2285,905,57,3,1750,0,78,2736,2
feature-schema-v1,10115,70023,20,2,4,2,18497,18521,24,1000,1000,291600,4770,1885,1795,72,3,1750,0,96,2401,2
feature-schema-v1,10116,70024,20,2,0,3,18502,18529,27,60300,50300,146800,5680,875,1055,60,4,2500,0,77,1238,3
feature-schema-v1,10117,70024,20,2,1,3,18504,18532,28,19300,5300,131500,5230,1085,1105,62,4,2500,0,82,1513,3
feature-schema-v1,10118,70024,20,2,2,3,18494,18522,28,1000,1000,188200,4730,1225,1205,67,4,2500,0,90,1718,3
feature-schema-v1,10119,70024,20,2,3,3,18495,18527,32,1000,1000,224900,4130,1925,1435,78,4,2500,0,104,2483,3
feature-schema-v1,10120,70024,20,2,4,3,18496,18533,37,1000,1000,316600,3480,1525,2325,93,4,2500,0,122,2148,3
feature-schema-v1,10121,70025,21,0,0,0,100016,100019,3,215600,207600,62600,9030,160,130,4,4,0,10000,5,183,0
feature-schema-v1,10122,70025,21,0,1,0,100020,100021,1,174600,162600,47300,8580,370,180,6,4,0,10000,10,458,0
feature-schema-v1,10123,70025,21,0,2,0,100008,100012,4,153600,137600,104000,8080,510,280,11,4,0,10000,18,663,0
feature-schema-v1,10124,70025,21,0,3,0,100009,100017,8,112600,112600,140700,7480,1210,510,22,4,250,5000,32,1428,0
feature-schema-v1,10125,70025,21,0,4,0,100011,100021,10,86600,82600,232400,6830,810,1400,37,4,1000,0,50,1093,0
feature-schema-v1,10126,70026,21,0,0,1,100007,100012,5,128100,123100,92600,7740,520,350,17,5,500,5000,23,650,1
feature-schema-v1,10127,70026,21,0,1,1,100009,100015,6,87100,78100,77300,7290,730,400,19,5,500,5000,28,925,1
feature-schema-v1,10128,70026,21,0,2,1,100011,100020,9,66100,53100,134000,6790,870,500,24,5,500,5000,36,1130,1
feature-schema-v1,10129,70026,21,0,3,1,100013,100023,10,25100,28100,170700,6190,1570,730,35,5,1250,0,50,1895,1
feature-schema-v1,10130,70026,21,0,4,1,100001,100016,15,1000,1000,262400,5540,1170,1620,50,5,1250,0,68,1560,1
feature-schema-v1,10131,70027,21,0,0,2,100007,100022,15,85600,71600,117600,6750,1180,570,37,2,1750,0,48,1416,2
feature-schema-v1,10132,70027,21,0,1,2,100009,100025,16,44600,26600,102300,6300,1390,620,39,2,1750,0,53,1691,2
feature-schema-v1,10133,70027,21,0,2,2,100012,100028,16,23600,1600,159000,5800,1530,720,44,2,1750,0,61,1896,2
feature-schema-v1,10134,70027,21,0,3,2,100000,100020,20,1000,1000,195700,5200,2230,950,55,2,1750,0,75,2661,2
feature-schema-v1,10135,70027,21,0,4,2,100001,100026,25,1000,1000,287400,4550,1830,1840,70,2,1750,0,93,2326,2
feature-schema-v1,10136,70028,21,0,0,3,100005,100033,28,56100,45100,142600,5460,820,1100,58,3,2500,0,74,1162,3
feature-schema-v1,10137,70028,21,0,1,3,99996,100022,26,15100,1000,127300,5010,1030,1150,60,3,2500,0,79,1437,3
feature-schema-v1,10138,70028,21,0,2,3,99998,100027,29,1000,1000,184000,4510,1170,1250,65,3,2500,0,87,1642,3
feature-schema-v1,10139,70028,21,0,3,3,99999,100032,33,1000,1000,220700,3910,1870,1480,76,3,2500,0,101,2407,3
feature-schema-v1,10140,70028,21,0,4,3,100001,100036,35,1000,1000,312400,3260,1470,2370,91,3,2500,0,119,2072,3
feature-schema-v1,10141,70029,21,1,0,0,250013,250016,3,219100,211100,66100,9110,205,130,6,5,0,10000,7,245,0
feature-schema-v1,10142,70029,21,1,1,0,250017,250018,1,178100,166100,50800,8660,415,180,8,5,0,10000,12,520,0
feature-schema-v1,10143,70029,21,1,2,0,250018,250022,4,157100,141100,107500,8160,555,280,13,5,0,10000,21,725,0
feature-schema-v1,10144,70029,21,1,3,0,250019,250027,8,116100,116100,144200,7560,1255,510,24,5,250,5000,35,1490,0
feature-schema-v1,10145,70029,21,1,4,0,250021,250031,10,90100,86100,235900,6910,855,1400,39,5,1000,0,53,1155,0
feature-schema-v1,10146,70030,21,1,0,1,250017,250022,5,131600,126600,96100,7820,565,350,19,2,500,5000,25,711,1
feature-schema-v1,10147,70030,21,1,1,1,250019,250025,6,90600,81600,80800,7370,775,400,21,2,500,5000,30,986,1
feature-schema-v1,10148,70030,21,1,2,1,250021,250030,9,69600,56600,137500,6870,915,500,26,2,1250,0,39,1191,1
feature-schema-v1,10149,70030,21,1,3,1,250010,250020,10,28600,31600,174200,6270,1615,730,37,2,1250,0,53,1956,1
feature-schema-v1,10150,70030,21,1,4,1,250011,250026,15,2600,1600,265900,5620,1215,1620,52,2,1250,0,71,1621,1
feature-schema-v1,10151,70031,21,1,0,2,250017,250032,15,89100,75100,121100,6830,1225,570,39,3,1750,0,50,1477,2
feature-schema-v1,10152,70031,21,1,1,2,250006,250022,16,48100,30100,105800,6380,1435,620,41,3,1750,0,55,1752,2
feature-schema-v1,10153,70031,21,1,2,2,250009,250025,16,27100,5100,162500,5880,1575,720,46,3,1750,0,64,1957,2
feature-schema-v1,10154,70031,21,1,3,2,250010,250030,20,1000,1000,199200,5280,2275,950,57,3,1750,0,78,2722,2
feature-schema-v1,10155,70031,21,1,4,2,250011,250036,25,1000,1000,290900,4630,1875,1840,72,3,1750,0,96,2387,2
feature-schema-v1,10156,70032,21,1,0,3,250002,250030,28,59600,48600,146100,5540,865,1100,60,4,2500,0,76,1223,3
feature-schema-v1,10157,70032,21,1,1,3,250006,250032,26,18600,3600,130800,5090,1075,1150,62,4,2500,0,81,1498,3
feature-schema-v1,10158,70032,21,1,2,3,250008,250037,29,1000,1000,187500,4590,1215,1250,67,4,2500,0,90,1703,3
feature-schema-v1,10159,70032,21,1,3,3,250009,250042,33,1000,1000,224200,3990,1915,1480,78,4,2500,0,104,2468,3
feature-schema-v1,10160,70032,21,1,4,3,249998,250033,35,1000,1000,315900,3340,1515,2370,93,4,2500,0,122,2133,3
feature-schema-v1,10161,70033,21,2,0,0,18523,18526,3,222600,214600,69600,9190,250,130,8,2,0,10000,10,306,0
feature-schema-v1,10162,70033,21,2,1,0,18527,18528,1,181600,169600,54300,8740,460,180,10,2,0,10000,15,581,0
feature-schema-v1,10163,70033,21,2,2,0,18528,18532,4,160600,144600,111000,8240,600,280,15,2,0,10000,23,786,0
feature-schema-v1,10164,70033,21,2,3,0,18516,18524,8,119600,119600,147700,7640,1300,510,26,2,250,5000,37,1551,0
feature-schema-v1,10165,70033,21,2,4,0,18518,18528,10,93600,89600,239400,6990,900,1400,41,2,1000,0,55,1216,0
feature-schema-v1,10166,70034,21,2,0,1,18527,18532,5,135100,130100,99600,7900,610,350,21,3,500,5000,28,772,1
feature-schema-v1,10167,70034,21,2,1,1,18529,18535,6,94100,85100,84300,7450,820,400,23,3,500,5000,33,1047,1
feature-schema-v1,10168,70034,21,2,2,1,18518,18527,9,73100,60100,141000,6950,960,500,28,3,1250,0,41,1252,1
feature-schema-v1,10169,70034,21,2,3,1,18520,18530,10,32100,35100,177700,6350,1660,730,39,3,1250,0,55,2017,1
feature-schema-v1,10170,70034,21,2,4,1,18521,18536,15,6100,5100,269400,5700,1260,1620,54,3,1250,0,73,1682,1
feature-schema-v1,10171,70035,21,2,0,2,18514,18529,15,92600,78600,124600,6910,1270,570,41,4,1750,0,53,1538,2
feature-schema-v1,10172,70035,21,2,1,2,18516,18532,16,51600,33600,109300,6460,1480,620,43,4,1750,0,58,1813,2
feature-schema-v1,10173,70035,21,2,2,2,18519,18535,16,30600,8600,166000,5960,1620,720,48,4,1750,0,66,2018,2
feature-schema-v1,10174,70035,21,2,3,2,18520,18540,20,1000,1000,202700,5360,2320,950,59,4,1750,0,80,2783,2
feature-schema-v1,10175,70035,21,2,4,2,18508,18533,25,1000,1000,294400,4710,1920,1840,74,4,1750,0,98,2448,2
feature-schema-v1,10176,70036,21,2,0,3,18512,18540,28,63100,52100,149600,5620,910,1100,62,5,2500,0,79,1285,3
feature-schema-v1,10177,70036,21,2,1,3,18516,18542,26,22100,7100,134300,5170,1120,1150,64,5,2500,0,84,1560,3
feature-schema-v1,10178,70036,21,2,2,3,18518,18547,29,1100,1000,191000,4670,1260,1250,69,5,2500,0,92,1765,3
feature-schema-v1,10179,70036,21,2,3,3,18506,18539,33,1000,1000,227700,4070,1960,1480,80,5,2500,0,106,2530,3
feature-schema-v1,10180,70036,21,2,4,3,18508,18543,35,1000,1000,319400,3420,1560,2370,95,5,2500,0,124,2195,3
feature-schema-v1,10181,70037,21,0,0,0,100022,100023,1,218400,209400,65400,8970,195,175,6,5,0,10000,7,230,0
feature-schema-v1,10182,70037,21,0,1,0,100024,100026,2,177400,164400,50100,8520,405,225,8,5,0,10000,12,505,0
feature-schema-v1,10183,70037,21,0,2,0,100013,100018,5,136400,139400,106800,8020,545,325,13,5,0,10000,20,710,0
feature-schema-v1,10184,70037,21,0,3,0,100015,100021,6,115400,114400,143500,7420,1245,555,24,5,250,5000,34,1475,0
feature-schema-v1,10185,70037,21,0,4,0,100016,100027,11,89400,84400,235200,6770,845,1445,39,5,1000,0,52,1140,0
feature-schema-v1,10186,70038,21,0,0,1,100024,100030,6,130900,112900,95400,7680,555,395,19,2,500,5000,25,696,1
feature-schema-v1,10187,70038,21,0,1,1,100014,100021,7,89900,67900,80100,7230,765,445,21,2,500,5000,30,971,1
feature-schema-v1,10188,70038,21,0,2,1,100017,100024,7,48900,42900,136800,6730,905,545,26,2,1250,0,38,1176,1
feature-schema-v1,10189,70038,21,0,3,1,100018,100029,11,27900,17900,173500,6130,1605,775,37,2,1250,0,52,1941,1
feature-schema-v1,10190,70038,21,0,4,1,100018,100034,16,1900,1000,265200,5480,1205,1665,52,2,1250,0,70,1606,1
feature-schema-v1,10191,70039,21,0,0,2,100011,100027,16,88400,73400,120400,6690,1215,615,39,3,1750,0,50,1463,2
feature-schema-v1,10192,70039,21,0,1,2,100015,100029,14,47400,28400,105100,6240,1425,665,41,3,1750,0,55,1738,2
feature-schema-v1,10193,70039,21,0,2,2,100017,100034,17,6400,3400,161800,5740,1565,765,46,3,1750,0,63,1943,2
feature-schema-v1,10194,70039,21,0,3,2,100005,100026,21,1000,1000,198500,5140,2265,995,57,3,1750,0,77,2708,2
feature-schema-v1,10195,70039,21,0,4,2,100007,100030,23,1000,1000,290200,4490,1865,1885,72,3,1750,0,95,2373,2
feature-schema-v1,10196,70040,21,0,0,3,100011,100037,26,58900,46900,145400,5400,855,1145,60,4,2500,0,76,1209,3
feature-schema-v1,10197,70040,21,0,1,3,100014,100041,27,17900,1900,130100,4950,1065,1195,62,4,2500,0,81,1484,3
feature-schema-v1,10198,70040,21,0,2,3,100002,100032,30,1000,1000,186800,4450,1205,1295,67,4,2500,0,89,1689,3
feature-schema-v1,10199,70040,21,0,3,3,100005,100036,31,1000,1000,223500,3850,1905,1525,78,4,2500,0,103,2454,3
feature-schema-v1,10200,70040,21,0,4,3,100005,100041,36,1000,1000,315200,3200,1505,2415,93,4,2500,0,121,2119,3
feature-schema-v1,10201,70041,21,1,0,0,250035,250036,1,221900,212900,68900,9050,240,175,8,2,0,10000,10,291,0
feature-schema-v1,10202,70041,21,1,1,0,250024,250026,2,180900,167900,53600,8600,450,225,10,2,0,10000,15,566,0
feature-schema-v1,10203,70041,21,1,2,0,250026,250031,5,139900,142900,110300,8100,590,325,15,2,0,10000,23,771,0
feature-schema-v1,10204,70041,21,1,3,0,250028,250034,6,118900,117900,147000,7500,1290,555,26,2,250,5000,37,1536,0
feature-schema-v1,10205,70041,21,1,4,0,250029,250040,11,92900,87900,238700,6850,890,1445,41,2,1000,0,55,1201,0
feature-schema-v1,10206,70042,21,1,0,1,250024,250030,6,134400,116400,98900,7760,600,395,21,3,500,5000,28,758,1
feature-schema-v1,10207,70042,21,1,1,1,250027,250034,7,93400,71400,83600,7310,810,445,23,3,500,5000,33,1033,1
feature-schema-v1,10208,70042,21,1,2,1,250030,250037,7,52400,46400,140300,6810,950,545,28,3,1250,0,41,1238,1
feature-schema-v1,10209,70042,21,1,3,1,250031,250042,11,31400,21400,177000,6210,1650,775,39,3,1250,0,55,2003,1
feature-schema-v1,10210,70042,21,1,4,1,250018,250034,16,5400,1000,268700,5560,1250,1665,54,3,1250,0,73,1668,1
feature-schema-v1,10211,70043,21,1,0,2,250024,250040,16,91900,76900,123900,6770,1260,615,41,4,1750,0,53,1524,2
feature-schema-v1,10212,70043,21,1,1,2,250028,250042,14,50900,31900,108600,6320,1470,665,43,4,1750,0,58,1799,2
feature-schema-v1,10213,70043,21,1,2,2,250017,250034,17,9900,6900,165300,5820,1610,765,48,4,1750,0,66,2004,2
feature-schema-v1,10214,70043,21,1,3,2,250018,250039,21,1000,1000,202000,5220,2310,995,59,4,1750,0,80,2769,2
feature-schema-v1,10215,70043,21,1,4,2,250020,250043,23,1000,1000,293700,4570,1910,1885,74,4,1750,0,98,2434,2
feature-schema-v1,10216,70044,21,1,0,3,250011,250037,26,62400,50400,148900,5480,900,1145,62,5,2500,0,79,1270,3
feature-schema-v1,10217,70044,21,1,1,3,250014,250041,27,21400,5400,133600,5030,1110,1195,64,5,2500,0,84,1545,3
feature-schema-v1,10218,70044,21,1,2,3,250015,250045,30,1000,1000,190300,4530,1250,1295,69,5,2500,0,92,1750,3
feature-schema-v1,10219,70044,21,1,3,3,250018,250049,31,1000,1000,227000,3930,1950,1525,80,5,2500,0,106,2515,3
feature-schema-v1,10220,70044,21,1,4,3,250018,250054,36,1000,1000,318700,3280,1550,2415,95,5,2500,0,124,2180,3
feature-schema-v1,10221,70045,21,2,0,0,18535,18536,1,225400,216400,72400,9130,285,175,10,3,0,10000,13,353,0
feature-schema-v1,10222,70045,21,2,1,0,18537,18539,2,184400,171400,57100,8680,495,225,12,3,0,10000,18,628,0
feature-schema-v1,10223,70045,21,2,2,0,18539,18544,5,143400,146400,113800,8180,635,325,17,3,250,5000,26,833,0
feature-schema-v1,10224,70045,21,2,3,0,18541,18547,6,122400,121400,150500,7580,1335,555,28,3,250,5000,40,1598,0
feature-schema-v1,10225,70045,21,2,4,0,18529,18540,11,96400,91400,242200,6930,935,1445,43,3,1000,0,58,1263,0
feature-schema-v1,10226,70046,21,2,0,1,18537,18543,6,137900,119900,102400,7840,645,395,23,4,500,5000,31,819,1
feature-schema-v1,10227,70046,21,2,1,1,18540,18547,7,96900,74900,87100,7390,855,445,25,4,500,5000,36,1094,1
feature-schema-v1,10228,70046,21,2,2,1,18530,18537,7,55900,49900,143800,6890,995,545,30,4,1250,0,44,1299,1
feature-schema-v1,10229,70046,21,2,3,1,18531,18542,11,34900,24900,180500,6290,1695,775,41,4,1250,0,58,2064,1
feature-schema-v1,10230,70046,21,2,4,1,18531,18547,16,8900,1000,272200,5640,1295,1665,56,4,1250,0,76,1729,1
feature-schema-v1,10231,70047,21,2,0,2,18537,18553,16,95400,80400,127400,6850,1305,615,43,5,1750,0,56,1585,2
feature-schema-v1,10232,70047,21,2,1,2,18528,18542,14,54400,35400,112100,6400,1515,665,45,5,1750,0,61,1860,2
feature-schema-v1,10233,70047,21,2,2,2,18530,18547,17,13400,10400,168800,5900,1655,765,50,5,1750,0,69,2065,2
feature-schema-v1,10234,70047,21,2,3,2,18531,18552,21,1000,1000,205500,5300,2355,995,61,5,1750,0,83,2830,2
feature-schema-v1,10235,70047,21,2,4,2,18533,18556,23,1000,1000,297200,4650,1955,1885,76,5,1750,0,101,2495,2
feature-schema-v1,10236,70048,21,2,0,3,18524,18550,26,65900,53900,152400,5560,945,1145,64,2,2500,0,82,1331,3
feature-schema-v1,10237,70048,21,2,1,3,18527,18554,27,24900,8900,137100,5110,1155,1195,66,2,2500,0,87,1606,3
feature-schema-v1,10238,70048,21,2,2,3,18528,18558,30,1000,1000,193800,4610,1295,1295,71,2,2500,0,95,1811,3
feature-schema-v1,10239,70048,21,2,3,3,18518,18549,31,1000,1000,230500,4010,1995,1525,82,2,2500,0,109,2576,3
feature-schema-v1,10240,70048,21,2,4,3,18518,18554,36,1000,1000,322200,3360,1595,2415,97,2,2500,0,127,2241,3
feature-schema-v1,10241,70049,22,0,0,0,100026,100028,2,221200,199200,68200,8910,230,220,8,2,0,10000,10,277,0
feature-schema-v1,10242,70049,22,0,1,0,100029,100032,3,160200,154200,52900,8460,440,270,10,2,0,10000,15,552,0
feature-schema-v1,10243,70049,22,0,2,0,100032,100035,3,139200,129200,109600,7960,580,370,15,2,250,5000,23,757,0
feature-schema-v1,10244,70049,22,0,3,0,100020,100027,7,118200,104200,146300,7360,1280,600,26,2,250,5000,37,1522,0
feature-schema-v1,10245,70049,22,0,4,0,100020,100032,12,92200,74200,238000,6710,880,1490,41,2,1000,0,55,1187,0
feature-schema-v1,10246,70050,22,0,0,1,100029,100036,7,133700,114700,98200,7620,590,440,21,3,500,5000,28,743,1
feature-schema-v1,10247,70050,22,0,1,1,100020,100025,5,72700,69700,82900,7170,800,490,23,3,500,5000,33,1018,1
feature-schema-v1,10248,70050,22,0,2,1,100021,100029,8,51700,44700,139600,6670,940,590,28,3,1250,0,41,1223,1
feature-schema-v1,10249,70050,22,0,3,1,100022,100034,12,30700,19700,176300,6070,1640,820,39,3,1250,0,55,1988,1
feature-schema-v1,10250,70050,22,0,4,1,100024,100038,14,4700,1000,268000,5420,1240,1710,54,3,1250,0,73,1653,1
feature-schema-v1,10251,70051,22,0,0,2,100017,100031,14,91200,75200,123200,6630,1250,660,41,4,1750,0,53,1510,2
feature-schema-v1,10252,70051,22,0,1,2,100020,100035,15,30200,30200,107900,6180,1460,710,43,4,1750,0,58,1785,2
feature-schema-v1,10253,70051,22,0,2,2,100021,100039,18,9200,5200,164600,5680,1600,810,48,4,1750,0,66,1990,2
feature-schema-v1,10254,70051,22,0,3,2,100024,100043,19,1000,1000,201300,5080,2300,1040,59,4,1750,0,80,2755,2
feature-schema-v1,10255,70051,22,0,4,2,100011,100035,24,1000,1000,293000,4430,1900,1930,74,4,1750,0,98,2420,2
feature-schema-v1,10256,70052,22,0,0,3,100016,100043,27,61700,48700,148200,5340,890,1190,62,5,2500,0,79,1256,3
feature-schema-v1,10257,70052,22,0,1,3,100018,100046,28,1000,3700,132900,4890,1100,1240,64,5,2500,0,84,1531,3
feature-schema-v1,10258,70052,22,0,2,3,100008,100036,28,1000,1000,189600,4390,1240,1340,69,5,2500,0,92,1736,3
feature-schema-v1,10259,70052,22,0,3,3,100009,100041,32,1000,1000,226300,3790,1940,1570,80,5,2500,0,106,2501,3
feature-schema-v1,10260,70052,22,0,4,3,100010,100047,37,1000,1000,318000,3140,1540,2460,95,5,2500,0,124,2166,3
feature-schema-v1,10261,70053,22,1,0,0,250042,250044,2,224700,202700,71700,8990,275,220,10,3,0,10000,13,338,0
feature-schema-v1,10262,70053,22,1,1,0,250045,250048,3,163700,157700,56400,8540,485,270,12,3,0,10000,18,613,0
feature-schema-v1,10263,70053,22,1,2,0,250035,250038,3,142700,132700,113100,8040,625,370,17,3,250,5000,26,818,0
feature-schema-v1,10264,70053,22,1,3,0,250036,250043,7,121700,107700,149800,7440,1325,600,28,3,1000,0,40,1583,0
feature-schema-v1,10265,70053,22,1,4,0,250036,250048,12,95700,77700,241500,6790,925,1490,43,3,1000,0,58,1248,0
feature-schema-v1,10266,70054,22,1,0,1,250032,250039,7,137200,118200,101700,7700,635,440,23,4,500,5000,31,805,1
feature-schema-v1,10267,70054,22,1,1,1,250036,250041,5,76200,73200,86400,7250,845,490,25,4,500,5000,36,1080,1
feature-schema-v1,10268,70054,22,1,2,1,250037,250045,8,55200,48200,143100,6750,985,590,30,4,1250,0,44,1285,1
feature-schema-v1,10269,70054,22,1,3,1,250038,250050,12,34200,23200,179800,6150,1685,820,41,4,1250,0,58,2050,1
feature-schema-v1,10270,70054,22,1,4,1,250027,250041,14,8200,1000,271500,5500,1285,1710,56,4,1250,0,76,1715,1
feature-schema-v1,10271,70055,22,1,0,2,250033,250047,14,94700,78700,126700,6710,1295,660,43,5,1750,0,56,1571,2
feature-schema-v1,10272,70055,22,1,1,2,250036,250051,15,33700,33700,111400,6260,1505,710,45,5,1750,0,61,1846,2
feature-schema-v1,10273,70055,22,1,2,2,250037,250055,18,12700,8700,168100,5760,1645,810,50,5,1750,0,69,2051,2
feature-schema-v1,10274,70055,22,1,3,2,250027,250046,19,1000,1000,204800,5160,2345,1040,61,5,1750,0,83,2816,2
feature-schema-v1,10275,70055,22,1,4,2,250027,250051,24,1000,1000,296500,4510,1945,1930,76,5,1750,0,101,2481,2
feature-schema-v1,10276,70056,22,1,0,3,250032,250059,27,65200,52200,151700,5420,935,1190,64,2,2500,0,82,1317,3
feature-schema-v1,10277,70056,22,1,1,3,250021,250049,28,4200,7200,136400,4970,1145,1240,66,2,2500,0,87,1592,3
feature-schema-v1,10278,70056,22,1,2,3,250024,250052,28,1000,1000,193100,4470,1285,1340,71,2,2500,0,95,1797,3
feature-schema-v1,10279,70056,22,1,3,3,250025,250057,32,1000,1000,229800,3870,1985,1570,82,2,2500,0,109,2562,3
feature-schema-v1,10280,70056,22,1,4,3,250026,250063,37,1000,1000,321500,3220,1585,2460,97,2,2500,0,127,2227,3
feature-schema-v1,10281,70057,22,2,0,0,18545,18547,2,228200,206200,75200,9070,320,220,12,4,0,10000,15,400,0
feature-schema-v1,10282,70057,22,2,1,0,18548,18551,3,167200,161200,59900,8620,530,270,14,4,0,10000,20,675,0
feature-schema-v1,10283,70057,22,2,2,0,18551,18554,3,146200,136200,116600,8120,670,370,19,4,250,5000,28,880,0
feature-schema-v1,10284,70057,22,2,3,0,18552,18559,7,125200,111200,153300,7520,1370,600,30,4,1000,0,42,1645,0
feature-schema-v1,10285,70057,22,2,4,0,18552,18564,12,99200,81200,245000,6870,970,1490,45,4,1000,0,61,1310,0
feature-schema-v1,10286,70058,22,2,0,1,18548,18555,7,140700,121700,105200,7780,680,440,25,5,500,5000,33,866,1
feature-schema-v1,10287,70058,22,2,1,1,18552,18557,5,79700,76700,89900,7330,890,490,27,5,500,5000,38,1141,1
feature-schema-v1,10288,70058,22,2,2,1,18553,18561,8,58700,51700,146600,6830,1030,590,32,5,1250,0,46,1346,1
feature-schema-v1,10289,70058,22,2,3,1,18541,18553,12,37700,26700,183300,6230,1730,820,43,5,1250,0,60,2111,1
feature-schema-v1,10290,70058,22,2,4,1,18543,18557,14,11700,1000,275000,5580,1330,1710,58,5,1250,0,79,1776,1
feature-schema-v1,10291,70059,22,2,0,2,18549,18563,14,98200,82200,130200,6790,1340,660,45,2,1750,0,58,1632,2
feature-schema-v1,10292,70059,22,2,1,2,18539,18554,15,37200,37200,114900,6340,1550,710,47,2,1750,0,63,1907,2
feature-schema-v1,10293,70059,22,2,2,2,18540,18558,18,16200,12200,171600,5840,1690,810,52,2,1750,0,71,2112,2
feature-schema-v1,10294,70059,22,2,3,2,18543,18562,19,1000,1000,208300,5240,2390,1040,63,2,1750,0,85,2877,2
feature-schema-v1,10295,70059,22,2,4,2,18543,18567,24,1000,1000,300000,4590,1990,1930,78,2,1750,0,104,2542,2
feature-schema-v1,10296,70060,22,2,0,3,18535,18562,27,68700,55700,155200,5500,980,1190,66,3,2500,0,84,1378,3
feature-schema-v1,10297,70060,22,2,1,3,18537,18565,28,7700,10700,139900,5050,1190,1240,68,3,2500,0,89,1653,3
feature-schema-v1,10298,70060,22,2,2,3,18540,18568,28,1000,1000,196600,4550,1330,1340,73,3,2500,0,97,1858,3
feature-schema-v1,10299,70060,22,2,3,3,18541,18573,32,1000,1000,233300,3950,2030,1570,84,3,2500,0,111,2623,3
feature-schema-v1,10300,70060,22,2,4,3,18529,18566,37,1000,1000,325000,3300,1630,2460,99,3,2500,0,130,2288,3
feature-schema-v1,10301,70061,22,0,0,0,100031,100034,3,204000,201000,71000,8850,265,265,10,3,0,10000,12,324,0
feature-schema-v1,10302,70061,22,0,1,0,100035,100036,1,163000,156000,55700,8400,475,315,12,3,0,10000,17,599,0
feature-schema-v1,10303,70061,22,0,2,0,100036,100040,4,142000,131000,112400,7900,615,415,17,3,250,5000,25,804,0
feature-schema-v1,10304,70061,22,0,3,0,100037,100045,8,121000,106000,149100,7300,1315,645,28,3,1000,0,39,1569,0
feature-schema-v1,10305,70061,22,0,4,0,100026,100036,10,95000,76000,240800,6650,915,1535,43,3,1000,0,58,1234,0
feature-schema-v1,10306,70062,22,0,0,1,100035,100040,5,116500,116500,101000,7560,625,485,23,4,500,5000,30,790,1
feature-schema-v1,10307,70062,22,0,1,1,100037,100043,6,75500,71500,85700,7110,835,535,25,4,500,5000,35,1065,1
feature-schema-v1,10308,70062,22,0,2,1,100026,100035,9,54500,46500,142400,6610,975,635,30,4,1250,0,43,1270,1
feature-schema-v1,10309,70062,22,0,3,1,100028,100038,10,33500,21500,179100,6010,1675,865,41,4,1250,0,57,2035,1
feature-schema-v1,10310,70062,22,0,4,1,100029,100044,15,7500,1000,270800,5360,1275,1755,56,4,1250,0,76,1700,1
feature-schema-v1,10311,70063,22,0,0,2,100022,100037,15,74000,77000,126000,6570,1285,705,43,5,1750,0,55,1556,2
feature-schema-v1,10312,70063,22,0,1,2,100024,100040,16,33000,32000,110700,6120,1495,755,45,5,1750,0,60,1831,2
feature-schema-v1,10313,70063,22,0,2,2,100027,100043,16,12000,7000,167400,5620,1635,855,50,5,1750,0,68,2036,2
feature-schema-v1,10314,70063,22,0,3,2,100028,100048,20,1000,1000,204100,5020,2335,1085,61,5,1750,0,82,2801,2
feature-schema-v1,10315,70063,22,0,4,2,100029,100054,25,1000,1000,295800,4370,1935,1975,76,5,1750,0,101,2466,2
feature-schema-v1,10316,70064,22,0,0,3,100020,100048,28,44500,38500,151000,5280,925,1235,64,2,2500,0,81,1303,3
feature-schema-v1,10317,70064,22,0,1,3,100024,100050,26,3500,1000,135700,4830,1135,1285,66,2,2500,0,86,1578,3
feature-schema-v1,10318,70064,22,0,2,3,100026,100055,29,1000,1000,192400,4330,1275,1385,71,2,2500,0,94,1783,3
feature-schema-v1,10319,70064,22,0,3,3,100014,100047,33,1000,1000,229100,3730,1975,1615,82,2,2500,0,108,2548,3
feature-schema-v1,10320,70064,22,0,4,3,100016,100051,35,1000,1000,320800,3080,1575,2505,97,2,2500,0,127,2213,3
feature-schema-v1,10321,70065,22,1,0,0,250050,250053,3,207500,204500,74500,8930,310,265,12,4,0,10000,15,385,0
feature-schema-v1,10322,70065,22,1,1,0,250054,250055,1,166500,159500,59200,8480,520,315,14,4,0,10000,20,660,0
feature-schema-v1,10323,70065,22,1,2,0,250042,250046,4,145500,134500,115900,7980,660,415,19,4,250,5000,28,865,0
feature-schema-v1,10324,70065,22,1,3,0,250043,250051,8,124500,109500,152600,7380,1360,645,30,4,1000,0,42,1630,0
feature-schema-v1,10325,70065,22,1,4,0,250045,250055,10,98500,79500,244300,6730,960,1535,45,4,1000,0,60,1295,0
feature-schema-v1,10326,70066,22,1,0,1,250054,250059,5,120000,120000,104500,7640,670,485,25,5,500,5000,33,851,1
feature-schema-v1,10327,70066,22,1,1,1,250043,250049,6,79000,75000,89200,7190,880,535,27,5,500,5000,38,1126,1
feature-schema-v1,10328,70066,22,1,2,1,250045,250054,9,58000,50000,145900,6690,1020,635,32,5,1250,0,46,1331,1
feature-schema-v1,10329,70066,22,1,3,1,250047,250057,10,37000,25000,182600,6090,1720,865,43,5,1250,0,60,2096,1
feature-schema-v1,10330,70066,22,1,4,1,250048,250063,15,11000,1000,274300,5440,1320,1755,58,5,1250,0,78,1761,1
feature-schema-v1,10331,70067,22,1,0,2,250041,250056,15,77500,80500,129500,6650,1330,705,45,2,1750,0,58,1618,2
feature-schema-v1,10332,70067,22,1,1,2,250043,250059,16,36500,35500,114200,6200,1540,755,47,2,1750,0,63,1893,2
feature-schema-v1,10333,70067,22,1,2,2,250046,250062,16,15500,10500,170900,5700,1680,855,52,2,1750,0,71,2098,2
feature-schema-v1,10334,70067,22,1,3,2,250034,250054,20,1000,1000,207600,5100,2380,1085,63,2,1750,0,85,2863,2
feature-schema-v1,10335,70067,22,1,4,2,250035,250060,25,1000,1000,299300,4450,1980,1975,78,2,1750,0,103,2528,2
feature-schema-v1,10336,70068,22,1,0,3,250039,250067,28,48000,42000,154500,5360,970,1235,66,3,2500,0,84,1364,3
feature-schema-v1,10337,70068,22,1,1,3,250043,250069,26,7000,1000,139200,4910,1180,1285,68,3,2500,0,89,1639,3
feature-schema-v1,10338,70068,22,1,2,3,250032,250061,29,1000,1000,195900,4410,1320,1385,73,3,2500,0,97,1844,3
feature-schema-v1,10339,70068,22,1,3,3,250033,250066,33,1000,1000,232600,3810,2020,1615,84,3,2500,0,111,2609,3
feature-schema-v1,10340,70068,22,1,4,3,250035,250070,35,1000,1000,324300,3160,1620,2505,99,3,2500,0,129,2274,3
feature-schema-v1,10341,70069,22,2,0,0,18569,18572,3,211000,208000,78000,9010,355,265,14,5,0,10000,18,446,0
feature-schema-v1,10342,70069,22,2,1,0,18560,18561,1,170000,163000,62700,8560,565,315,16,5,0,10000,23,721,0
feature-schema-v1,10343,70069,22,2,2,0,18561,18565,4,149000,138000,119400,8060,705,415,21,5,250,5000,31,926,0
feature-schema-v1,10344,70069,22,2,3,0,18562,18570,8,128000,113000,156100,7460,1405,645,32,5,1000,0,45,1691,0
feature-schema-v1,10345,70069,22,2,4,0,18564,18574,10,102000,83000,247800,6810,1005,1535,47,5,1000,0,63,1356,0
feature-schema-v1,10346,70070,22,2,0,1,18560,18565,5,123500,123500,108000,7720,715,485,27,2,500,5000,36,913,1
feature-schema-v1,10347,70070,22,2,1,1,18562,18568,6,82500,78500,92700,7270,925,535,29,2,500,5000,41,1188,1
feature-schema-v1,10348,70070,22,2,2,1,18564,18573,9,61500,53500,149400,6770,1065,635,34,2,1250,0,49,1393,1
feature-schema-v1,10349,70070,22,2,3,1,18566,18576,10,40500,28500,186100,6170,1765,865,45,2,1250,0,63,2158,1
feature-schema-v1,10350,70070,22,2,4,1,18554,18569,15,14500,1000,277800,5520,1365,1755,60,2,1250,0,81,1823,1
feature-schema-v1,10351,70071,22,2,0,2,18560,18575,15,81000,84000,133000,6730,1375,705,47,3,1750,0,61,1679,2
feature-schema-v1,10352,70071,22,2,1,2,18562,18578,16,40000,39000,117700,6280,1585,755,49,3,1750,0,66,1954,2
feature-schema-v1,10353,70071,22,2,2,2,18552,18568,16,19000,14000,174400,5780,1725,855,54,3,1750,0,74,2159,2
feature-schema-v1,10354,70071,22,2,3,2,18553,18573,20,1000,1000,211100,5180,2425,1085,65,3,1750,0,88,2924,2
feature-schema-v1,10355,70071,22,2,4,2,18554,18579,25,1000,1000,302800,4530,2025,1975,80,3,1750,0,106,2589,2
feature-schema-v1,10356,70072,22,2,0,3,18545,18573,28,51500,45500,158000,5440,1015,1235,68,4,2500,0,87,1425,3
feature-schema-v1,10357,70072,22,2,1,3,18549,18575,26,10500,1000,142700,4990,1225,1285,70,4,2500,0,92,1700,3
feature-schema-v1,10358,70072,22,2,2,3,18551,18580,29,1000,1000,199400,4490,1365,1385,75,4,2500,0,100,1905,3
feature-schema-v1,10359,70072,22,2,3,3,18552,18585,33,1000,1000,236100,3890,2065,1615,86,4,2500,0,114,2670,3
feature-schema-v1,10360,70072,22,2,4,3,18554,18589,35,1000,1000,327800,3240,1665,2505,101,4,2500,0,132,2335,3
feature-schema-v1,10361,70073,23,0,0,0,100037,100038,1,206800,202800,73800,8790,300,310,12,4,0,10000,15,371,0
feature-schema-v1,10362,70073,23,0,1,0,100039,100041,2,165800,157800,58500,8340,510,360,14,4,0,10000,20,646,0
feature-schema-v1,10363,70073,23,0,2,0,100041,100046,5,144800,132800,115200,7840,650,460,19,4,250,5000,28,851,0
feature-schema-v1,10364,70073,23,0,3,0,100043,100049,6,123800,107800,151900,7240,1350,690,30,4,1000,0,42,1616,0
feature-schema-v1,10365,70073,23,0,4,0,100031,100042,11,77800,77800,243600,6590,950,1580,45,4,1000,0,60,1281,0
feature-schema-v1,10366,70074,23,0,0,1,100039,100045,6,119300,118300,103800,7500,660,530,25,5,500,5000,33,837,1
feature-schema-v1,10367,70074,23,0,1,1,100042,100049,7,78300,73300,88500,7050,870,580,27,5,500,5000,38,1112,1
feature-schema-v1,10368,70074,23,0,2,1,100045,100052,7,57300,48300,145200,6550,1010,680,32,5,1250,0,46,1317,1
feature-schema-v1,10369,70074,23,0,3,1,100033,100044,11,36300,23300,181900,5950,1710,910,43,5,1250,0,60,2082,1
feature-schema-v1,10370,70074,23,0,4,1,100033,100049,16,1000,1000,273600,5300,1310,1800,58,5,1250,0,78,1747,1
feature-schema-v1,10371,70075,23,0,0,2,100039,100055,16,76800,66800,128800,6510,1320,750,45,2,1750,0,58,1603,2
feature-schema-v1,10372,70075,23,0,1,2,100030,100044,14,35800,21800,113500,6060,1530,800,47,2,1750,0,63,1878,2
feature-schema-v1,10373,70075,23,0,2,2,100032,100049,17,14800,1000,170200,5560,1670,900,52,2,1750,0,71,2083,2
feature-schema-v1,10374,70075,23,0,3,2,100033,100054,21,1000,1000,206900,4960,2370,1130,63,2,1750,0,85,2848,2
feature-schema-v1,10375,70075,23,0,4,2,100035,100058,23,1000,1000,298600,4310,1970,2020,78,2,1750,0,103,2513,2
feature-schema-v1,10376,70076,23,0,0,3,100026,100052,26,47300,40300,153800,5220,960,1280,66,3,2500,0,84,1350,3
feature-schema-v1,10377,70076,23,0,1,3,100029,100056,27,6300,1000,138500,4770,1170,1330,68,3,2500,0,89,1625,3
feature-schema-v1,10378,70076,23,0,2,3,100030,100060,30,1000,1000,195200,4270,1310,1430,73,3,2500,0,97,1830,3
feature-schema-v1,10379,70076,23,0,3,3,100033,100064,31,1000,1000,231900,3670,2010,1660,84,3,2500,0,111,2595,3
feature-schema-v1,10380,70076,23,0,4,3,100020,100056,36,1000,1000,323600,3020,1610,2550,99,3,2500,0,129,2260,3
feature-schema-v1,10381,70077,23,1,0,0,250059,250060,1,210300,206300,77300,8870,345,310,14,5,0,10000,18,432,0
feature-schema-v1,10382,70077,23,1,1,0,250061,250063,2,169300,161300,62000,8420,555,360,16,5,0,10000,23,707,0
feature-schema-v1,10383,70077,23,1,2,0,250063,250068,5,148300,136300,118700,7920,695,460,21,5,250,5000,31,912,0
feature-schema-v1,10384,70077,23,1,3,0,250052,250058,6,127300,111300,155400,7320,1395,690,32,5,1000,0,45,1677,0
feature-schema-v1,10385,70077,23,1,4,0,250053,250064,11,81300,81300,247100,6670,995,1580,47,5,1000,0,63,1342,0
feature-schema-v1,10386,70078,23,1,0,1,250061,250067,6,122800,121800,107300,7580,705,530,27,2,500,5000,36,898,1
feature-schema-v1,10387,70078,23,1,1,1,250051,250058,7,81800,76800,92000,7130,915,580,29,2,500,5000,41,1173,1
feature-schema-v1,10388,70078,23,1,2,1,250054,250061,7,60800,51800,148700,6630,1055,680,34,2,1250,0,49,1378,1
feature-schema-v1,10389,70078,23,1,3,1,250055,250066,11,39800,26800,185400,6030,1755,910,45,2,1250,0,63,2143,1
feature-schema-v1,10390,70078,23,1,4,1,250055,250071,16,1000,1000,277100,5380,1355,1800,60,2,1250,0,81,1808,1
feature-schema-v1,10391,70079,23,1,0,2,250048,250064,16,80300,70300,132300,6590,1365,750,47,3,1750,0,61,1665,2
feature-schema-v1,10392,70079,23,1,1,2,250052,250066,14,39300,25300,117000,6140,1575,800,49,3,1750,0,66,1940,2
feature-schema-v1,10393,70079,23,1,2,2,250054,250071,17,18300,1000,173700,5640,1715,900,54,3,1750,0,74,2145,2
feature-schema-v1,10394,70079,23,1,3,2,250055,250076,21,1000,1000,210400,5040,2415,1130,65,3,1750,0,88,2910,2
feature-schema-v1,10395,70079,23,1,4,2,250044,250067,23,1000,1000,302100,4390,2015,2020,80,3,1750,0,106,2575,2
feature-schema-v1,10396,70080,23,1,0,3,250048,250074,26,50800,43800,157300,5300,1005,1280,68,4,2500,0,87,1411,3
feature-schema-v1,10397,70080,23,1,1,3,250051,250078,27,9800,1000,142000,4850,1215,1330,70,4,2500,0,92,1686,3
feature-schema-v1,10398,70080,23,1,2,3,250039,250069,30,1000,1000,198700,4350,1355,1430,75,4,2500,0,100,1891,3
feature-schema-v1,10399,70080,23,1,3,3,250042,250073,31,1000,1000,235400,3750,2055,1660,86,4,2500,0,114,2656,3
feature-schema-v1,10400,70080,23,1,4,3,250042,250078,36,1000,1000,327100,3100,1655,2550,101,4,2500,0,132,2321,3
feature-schema-v1,10401,70081,23,2,0,0,18581,18582,1,213800,209800,80800,8950,390,310,16,2,0,10000,20,493,0
feature-schema-v1,10402,70081,23,2,1,0,18583,18585,2,172800,164800,65500,8500,600,360,18,2,0,10000,25,768,0
feature-schema-v1,10403,70081,23,2,2,0,18572,18577,5,151800,139800,122200,8000,740,460,23,2,250,5000,34,973,0
feature-schema-v1,10404,70081,23,2,3,0,18574,18580,6,130800,114800,158900,7400,1440,690,34,2,1000,0,48,1738,0
feature-schema-v1,10405,70081,23,2,4,0,18575,18586,11,84800,84800,250600,6750,1040,1580,49,2,1000,0,66,1403,0
feature-schema-v1,10406,70082,23,2,0,1,18570,18576,6,126300,125300,110800,7660,750,530,29,3,500,5000,38,960,1
feature-schema-v1,10407,70082,23,2,1,1,18573,18580,7,85300,80300,95500,7210,960,580,31,3,1250,0,43,1235,1
feature-schema-v1,10408,70082,23,2,2,1,18576,18583,7,64300,55300,152200,6710,1100,680,36,3,1250,0,52,1440,1
feature-schema-v1,10409,70082,23,2,3,1,18577,18588,11,43300,30300,188900,6110,1800,910,47,3,1250,0,66,2205,1
feature-schema-v1,10410,70082,23,2,4,1,18564,18580,16,1000,1000,280600,5460,1400,1800,62,3,1250,0,84,1870,1
feature-schema-v1,10411,70083,23,2,0,2,18570,18586,16,83800,73800,135800,6670,1410,750,49,4,1750,0,63,1726,2
feature-schema-v1,10412,70083,23,2,1,2,18574,18588,14,42800,28800,120500,6220,1620,800,51,4,1750,0,68,2001,2
feature-schema-v1,10413,70083,23,2,2,2,18576,18593,17,21800,3800,177200,5720,1760,900,56,4,1750,0,77,2206,2
feature-schema-v1,10414,70083,23,2,3,2,18564,18585,21,1000,1000,213900,5120,2460,1130,67,4,1750,0,91,2971,2
feature-schema-v1,10415,70083,23,2,4,2,18566,18589,23,1000,1000,305600,4470,2060,2020,82,4,1750,0,109,2636,2
feature-schema-v1,10416,70084,23,2,0,3,18570,18596,26,54300,47300,160800,5380,1050,1280,70,5,2500,0,89,1472,3
feature-schema-v1,10417,70084,23,2,1,3,18560,18587,27,13300,2300,145500,4930,1260,1330,72,5,2500,0,94,1747,3
feature-schema-v1,10418,70084,23,2,2,3,18561,18591,30,1000,1000,202200,4430,1400,1430,77,5,2500,0,103,1952,3
feature-schema-v1,10419,70084,23,2,3,3,18564,18595,31,1000,1000,238900,3830,2100,1660,88,5,2500,0,117,2717,3
feature-schema-v1,10420,70084,23,2,4,3,18564,18600,36,1000,1000,330600,3180,1700,2550,103,5,2500,0,135,2382,3
feature-schema-v1,10421,70085,23,0,0,0,100054,100056,2,209600,204600,76600,8730,335,355,14,5,0,10000,17,418,0
feature-schema-v1,10422,70085,23,0,1,0,100044,100047,3,168600,159600,61300,8280,545,405,16,5,0,10000,22,693,0
feature-schema-v1,10423,70085,23,0,2,0,100047,100050,3,147600,134600,118000,7780,685,505,21,5,250,5000,31,898,0
feature-schema-v1,10424,70085,23,0,3,0,100048,100055,7,106600,109600,154700,7180,1385,735,32,5,1000,0,45,1663,0
feature-schema-v1,10425,70085,23,0,4,0,100048,100060,12,80600,79600,246400,6530,985,1625,47,5,1000,0,63,1328,0
feature-schema-v1,10426,70086,23,0,0,1,100044,100051,7,122100,108100,106600,7440,695,575,27,2,500,5000,35,884,1
feature-schema-v1,10427,70086,23,0,1,1,100048,100053,5,81100,63100,91300,6990,905,625,29,2,1250,0,40,1159,1
feature-schema-v1,10428,70086,23,0,2,1,100049,100057,8,60100,38100,148000,6490,1045,725,34,2,1250,0,49,1364,1
feature-schema-v1,10429,70086,23,0,3,1,100037,100049,12,19100,13100,184700,5890,1745,955,45,2,1250,0,63,2129,1
feature-schema-v1,10430,70086,23,0,4,1,100039,100053,14,1000,1000,276400,5240,1345,1845,60,2,1250,0,81,1794,1
feature-schema-v1,10431,70087,23,0,0,2,100045,100059,14,79600,68600,131600,6450,1355,795,47,3,1750,0,60,1650,2
feature-schema-v1,10432,70087,23,0,1,2,100048,100063,15,38600,23600,116300,6000,1565,845,49,3,1750,0,65,1925,2
feature-schema-v1,10433,70087,23,0,2,2,100036,100054,18,17600,1000,173000,5500,1705,945,54,3,1750,0,74,2130,2
feature-schema-v1,10434,70087,23,0,3,2,100039,100058,19,1000,1000,209700,4900,2405,1175,65,3,1750,0,88,2895,2
feature-schema-v1,10435,70087,23,0,4,2,100039,100063,24,1000,1000,301400,4250,2005,2065,80,3,1750,0,106,2560,2
feature-schema-v1,10436,70088,23,0,0,3,100031,100058,27,50100,42100,156600,5160,995,1325,68,4,2500,0,86,1396,3
feature-schema-v1,10437,70088,23,0,1,3,100033,100061,28,9100,1000,141300,4710,1205,1375,70,4,2500,0,91,1671,3
feature-schema-v1,10438,70088,23,0,2,3,100036,100064,28,1000,1000,198000,4210,1345,1475,75,4,2500,0,100,1876,3
feature-schema-v1,10439,70088,23,0,3,3,100037,100069,32,1000,1000,234700,3610,2045,1705,86,4,2500,0,114,2641,3
feature-schema-v1,10440,70088,23,0,4,3,100025,100062,37,1000,1000,326400,2960,1645,2595,101,4,2500,0,132,2306,3
feature-schema-v1,10441,70089,23,1,0,0,250066,250068,2,213100,208100,80100,8810,380,355,16,2,0,10000,20,479,0
feature-schema-v1,10442,70089,23,1,1,0,250069,250072,3,172100,163100,64800,8360,590,405,18,2,0,10000,25,754,0
feature-schema-v1,10443,70089,23,1,2,0,250072,250075,3,151100,138100,121500,7860,730,505,23,2,250,5000,33,959,0
feature-schema-v1,10444,70089,23,1,3,0,250073,250080,7,110100,113100,158200,7260,1430,735,34,2,1000,0,47,1724,0
feature-schema-v1,10445,70089,23,1,4,0,250060,250072,12,84100,83100,249900,6610,1030,1625,49,2,1000,0,65,1389,0
feature-schema-v1,10446,70090,23,1,0,1,250069,250076,7,125600,111600,110100,7520,740,575,29,3,500,5000,38,945,1
feature-schema-v1,10447,70090,23,1,1,1,250073,250078,5,84600,66600,94800,7070,950,625,31,3,1250,0,43,1220,1
feature-schema-v1,10448,70090,23,1,2,1,250061,250069,8,63600,41600,151500,6570,1090,725,36,3,1250,0,51,1425,1
feature-schema-v1,10449,70090,23,1,3,1,250062,250074,12,22600,16600,188200,5970,1790,955,47,3,1250,0,65,2190,1
feature-schema-v1,10450,70090,23,1,4,1,250064,250078,14,1000,1000,279900,5320,1390,1845,62,3,1250,0,83,1855,1
feature-schema-v1,10451,70091,23,1,0,2,250057,250071,14,83100,72100,135100,6530,1400,795,49,4,1750,0,63,1711,2
feature-schema-v1,10452,70091,23,1,1,2,250060,250075,15,42100,27100,119800,6080,1610,845,51,4,1750,0,68,1986,2
feature-schema-v1,10453,70091,23,1,2,2,250061,250079,18,21100,2100,176500,5580,1750,945,56,4,1750,0,76,2191,2
feature-schema-v1,10454,70091,23,1,3,2,250064,250083,19,1000,1000,213200,4980,2450,1175,67,4,1750,0,90,2956,2
feature-schema-v1,10455,70091,23,1,4,2,250064,250088,24,1000,1000,304900,4330,2050,2065,82,4,1750,0,108,2621,2
feature-schema-v1,10456,70092,23,1,0,3,250056,250083,27,53600,45600,160100,5240,1040,1325,70,5,2500,0,89,1458,3
feature-schema-v1,10457,70092,23,1,1,3,250058,250086,28,12600,1000,144800,4790,1250,1375,72,5,2500,0,94,1733,3
feature-schema-v1,10458,70092,23,1,2,3,250061,250089,28,1000,1000,201500,4290,1390,1475,77,5,2500,0,102,1938,3
feature-schema-v1,10459,70092,23,1,3,3,250049,250081,32,1000,1000,238200,3690,2090,1705,88,5,2500,0,116,2703,3
feature-schema-v1,10460,70092,23,1,4,3,250050,250087,37,1000,1000,329900,3040,1690,2595,103,5,2500,0,134,2368,3
feature-schema-v1,10461,70093,23,2,0,0,18591,18593,2,216600,211600,83600,8890,425,355,18,3,0,10000,23,540,0
feature-schema-v1,10462,70093,23,2,1,0,18594,18597,3,175600,166600,68300,8440,635,405,20,3,250,5000,28,815,0
feature-schema-v1,10463,70093,23,2,2,0,18584,18587,3,154600,141600,125000,7940,775,505,25,3,250,5000,36,1020,0
feature-schema-v1,10464,70093,23,2,3,0,18585,18592,7,113600,116600,161700,7340,1475,735,36,3,1000,0,50,1785,0
feature-schema-v1,10465,70093,23,2,4,0,18585,18597,12,87600,86600,253400,6690,1075,1625,51,3,1000,0,68,1450,0
feature-schema-v1,10466,70094,23,2,0,1,18594,18601,7,129100,115100,113600,7600,785,575,31,4,500,5000,41,1006,1
feature-schema-v1,10467,70094,23,2,1,1,18585,18590,5,88100,70100,98300,7150,995,625,33,4,1250,0,46,1281,1
feature-schema-v1,10468,70094,23,2,2,1,18586,18594,8,67100,45100,155000,6650,1135,725,38,4,1250,0,54,1486,1
feature-schema-v1,10469,70094,23,2,3,1,18587,18599,12,26100,20100,191700,6050,1835,955,49,4,1250,0,68,2251,1
feature-schema-v1,10470,70094,23,2,4,1,18589,18603,14,1000,1000,283400,5400,1435,1845,64,4,1250,0,86,1916,1
feature-schema-v1,10471,70095,23,2,0,2,18582,18596,14,86600,75600,138600,6610,1445,795,51,5,1750,0,66,1773,2
feature-schema-v1,10472,70095,23,2,1,2,18585,18600,15,45600,30600,123300,6160,1655,845,53,5,1750,0,71,2048,2
feature-schema-v1,10473,70095,23,2,2,2,18586,18604,18,24600,5600,180000,5660,1795,945,58,5,1750,0,79,2253,2
feature-schema-v1,10474,70095,23,2,3,2,18576,18595,19,1000,1000,216700,5060,2495,1175,69,5,1750,0,93,3018,2
feature-schema-v1,10475,70095,23,2,4,2,18576,18600,24,1000,1000,308400,4410,2095,2065,84,5,1750,0,111,2683,2
feature-schema-v1,10476,70096,23,2,0,3,18581,18608,27,57100,49100,163600,5320,1085,1325,72,2,2500,0,92,1519,3
feature-schema-v1,10477,70096,23,2,1,3,18583,18611,28,16100,4100,148300,4870,1295,1375,74,2,2500,0,97,1794,3
feature-schema-v1,10478,70096,23,2,2,3,18573,18601,28,1000,1000,205000,4370,1435,1475,79,2,2500,0,105,1999,3
feature-schema-v1,10479,70096,23,2,3,3,18574,18606,32,1000,1000,241700,3770,2135,1705,90,2,2500,0,119,2764,3
feature-schema-v1,10480,70096,23,2,4,3,18575,18612,37,1000,1000,333400,3120,1735,2595,105,2,2500,0,137,2429,3
feature-schema-v1,10481,70097,24,0,0,0,100059,100062,3,212400,194400,79400,8670,370,400,16,2,0,10000,20,465,0
feature-schema-v1,10482,70097,24,0,1,0,100050,100051,1,171400,149400,64100,8220,580,450,18,2,250,5000,25,740,0
feature-schema-v1,10483,70097,24,0,2,0,100051,100055,4,130400,124400,120800,7720,720,550,23,2,250,5000,33,945,0
feature-schema-v1,10484,70097,24,0,3,0,100052,100060,8,109400,99400,157500,7120,1420,780,34,2,1000,0,47,1710,0
feature-schema-v1,10485,70097,24,0,4,0,100054,100064,10,83400,69400,249200,6470,1020,1670,49,2,1000,0,65,1375,0
feature-schema-v1,10486,70098,24,0,0,1,100050,100055,5,124900,109900,109400,7380,730,620,29,3,500,5000,38,931,1
feature-schema-v1,10487,70098,24,0,1,1,100052,100058,6,83900,64900,94100,6930,940,670,31,3,1250,0,43,1206,1
feature-schema-v1,10488,70098,24,0,2,1,100054,100063,9,42900,39900,150800,6430,1080,770,36,3,1250,0,51,1411,1
feature-schema-v1,10489,70098,24,0,3,1,100056,100066,10,21900,14900,187500,5830,1780,1000,47,3,1250,0,65,2176,1
feature-schema-v1,10490,70098,24,0,4,1,100044,100059,15,1000,1000,279200,5180,1380,1890,62,3,1250,0,83,1841,1
feature-schema-v1,10491,70099,24,0,0,2,100050,100065,15,82400,70400,134400,6390,1390,840,49,4,1750,0,63,1697,2
feature-schema-v1,10492,70099,24,0,1,2,100052,100068,16,41400,25400,119100,5940,1600,890,51,4,1750,0,68,1972,2
feature-schema-v1,10493,70099,24,0,2,2,100042,100058,16,1000,1000,175800,5440,1740,990,56,4,1750,0,76,2177,2
feature-schema-v1,10494,70099,24,0,3,2,100043,100063,20,1000,1000,212500,4840,2440,1220,67,4,1750,0,90,2942,2
feature-schema-v1,10495,70099,24,0,4,2,100044,100069,25,1000,1000,304200,4190,2040,2110,82,4,1750,0,108,2607,2
feature-schema-v1,10496,70100,24,0,0,3,100048,100076,28,52900,43900,159400,5100,1030,1370,70,5,2500,0,89,1443,3
feature-schema-v1,10497,70100,24,0,1,3,100039,100065,26,11900,1000,144100,4650,1240,1420,72,5,2500,0,94,1718,3
feature-schema-v1,10498,70100,24,0,2,3,100041,100070,29,1000,1000,200800,4150,1380,1520,77,5,2500,0,102,1923,3
feature-schema-v1,10499,70100,24,0,3,3,100042,100075,33,1000,1000,237500,3550,2080,1750,88,5,2500,0,116,2688,3
feature-schema-v1,10500,70100,24,0,4,3,100044,100079,35,1000,1000,329200,2900,1680,2640,103,5,2500,0,134,2353,3
feature-schema-v1,10501,70101,24,1,0,0,250074,250077,3,215900,197900,82900,8750,415,400,18,3,0,10000,23,526,0
feature-schema-v1,10502,70101,24,1,1,0,250078,250079,1,174900,152900,67600,8300,625,450,20,3,250,5000,28,801,0
feature-schema-v1,10503,70101,24,1,2,0,250079,250083,4,133900,127900,124300,7800,765,550,25,3,250,5000,36,1006,0
feature-schema-v1,10504,70101,24,1,3,0,250080,250088,8,112900,102900,161000,7200,1465,780,36,3,1000,0,50,1771,0
feature-schema-v1,10505,70101,24,1,4,0,250069,250079,10,86900,72900,252700,6550,1065,1670,51,3,1000,0,68,1436,0
feature-schema-v1,10506,70102,24,1,0,1,250078,250083,5,128400,113400,112900,7460,775,620,31,4,500,5000,41,992,1
feature-schema-v1,10507,70102,24,1,1,1,250080,250086,6,87400,68400,97600,7010,985,670,33,4,1250,0,46,1267,1
feature-schema-v1,10508,70102,24,1,2,1,250082,250091,9,46400,43400,154300,6510,1125,770,38,4,1250,0,54,1472,1
feature-schema-v1,10509,70102,24,1,3,1,250071,250081,10,25400,18400,191000,5910,1825,1000,49,4,1250,0,68,2237,1
feature-schema-v1,10510,70102,24,1,4,1,250072,250087,15,1000,1000,282700,5260,1425,1890,64,4,1250,0,86,1902,1
feature-schema-v1,10511,70103,24,1,0,2,250078,250093,15,85900,73900,137900,6470,1435,840,51,5,1750,0,66,1758,2
feature-schema-v1,10512,70103,24,1,1,2,250067,250083,16,44900,28900,122600,6020,1645,890,53,5,1750,0,71,2033,2
feature-schema-v1,10513,70103,24,1,2,2,250070,250086,16,3900,3900,179300,5520,1785,990,58,5,1750,0,79,2238,2
feature-schema-v1,10514,70103,24,1,3,2,250071,250091,20,1000,1000,216000,4920,2485,1220,69,5,1750,0,93,3003,2
feature-schema-v1,10515,70103,24,1,4,2,250072,250097,25,1000,1000,307700,4270,2085,2110,84,5,1750,0,111,2668,2
feature-schema-v1,10516,70104,24,1,0,3,250063,250091,28,56400,47400,162900,5180,1075,1370,72,2,2500,0,92,1505,3
feature-schema-v1,10517,70104,24,1,1,3,250067,250093,26,15400,2400,147600,4730,1285,1420,74,2,2500,0,97,1780,3
feature-schema-v1,10518,70104,24,1,2,3,250069,250098,29,1000,1000,204300,4230,1425,1520,79,2,2500,0,105,1985,3
feature-schema-v1,10519,70104,24,1,3,3,250070,250103,33,1000,1000,241000,3630,2125,1750,90,2,2500,0,119,2750,3
feature-schema-v1,10520,70104,24,1,4,3,250059,250094,35,1000,1000,332700,2980,1725,2640,105,2,2500,0,137,2415,3
feature-schema-v1,10521,70105,24,2,0,0,18602,18605,3,219400,201400,86400,8830,460,400,20,4,0,10000,26,587,0
feature-schema-v1,10522,70105,24,2,1,0,18606,18607,1,178400,156400,71100,8380,670,450,22,4,250,5000,31,862,0
feature-schema-v1,10523,70105,24,2,2,0,18607,18611,4,137400,131400,127800,7880,810,550,27,4,250,5000,39,1067,0
feature-schema-v1,10524,70105,24,2,3,0,18595,18603,8,116400,106400,164500,7280,1510,780,38,4,1000,0,53,1832,0
feature-schema-v1,10525,70105,24,2,4,0,18597,18607,10,90400,76400,256200,6630,1110,1670,53,4,1000,0,71,1497,0
feature-schema-v1,10526,70106,24,2,0,1,18606,18611,5,131900,116900,116400,7540,820,620,33,5,500,5000,44,1053,1
feature-schema-v1,10527,70106,24,2,1,1,18595,18601,6,90900,71900,101100,7090,1030,670,35,5,1250,0,49,1328,1
feature-schema-v1,10528,70106,24,2,2,1,18597,18606,9,49900,46900,157800,6590,1170,770,40,5,1250,0,57,1533,1
feature-schema-v1,10529,70106,24,2,3,1,18599,18609,10,28900,21900,194500,5990,1870,1000,51,5,1250,0,71,2298,1
feature-schema-v1,10530,70106,24,2,4,1,18600,18615,15,2900,1000,286200,5340,1470,1890,66,5,1250,0,89,1963,1
feature-schema-v1,10531,70107,24,2,0,2,18593,18608,15,89400,77400,141400,6550,1480,840,53,2,1750,0,69,1820,2
feature-schema-v1,10532,70107,24,2,1,2,18595,18611,16,48400,32400,126100,6100,1690,890,55,2,1750,0,74,2095,2
feature-schema-v1,10533,70107,24,2,2,2,18598,18614,16,7400,7400,182800,5600,1830,990,60,2,1750,0,82,2300,2
feature-schema-v1,10534,70107,24,2,3,2,18599,18619,20,1000,1000,219500,5000,2530,1220,71,2,1750,0,96,3065,2
feature-schema-v1,10535,70107,24,2,4,2,18587,18612,25,1000,1000,311200,4350,2130,2110,86,2,1750,0,114,2730,2
feature-schema-v1,10536,70108,24,2,0,3,18591,18619,28,59900,50900,166400,5260,1120,1370,74,3,2500,0,95,1566,3
feature-schema-v1,10537,70108,24,2,1,3,18595,18621,26,18900,5900,151100,4810,1330,1420,76,3,2500,0,100,1841,3
feature-schema-v1,10538,70108,24,2,2,3,18584,18613,29,1000,1000,207800,4310,1470,1520,81,3,2500,0,108,2046,3
feature-schema-v1,10539,70108,24,2,3,3,18585,18618,33,1000,1000,244500,3710,2170,1750,92,3,2500,0,122,2811,3
feature-schema-v1,10540,70108,24,2,4,3,18587,18622,35,1000,1000,336200,3060,1770,2640,107,3,2500,0,140,2476,3
feature-schema-v1,10541,70109,24,0,0,0,100065,100066,1,215200,196200,82200,8610,405,445,18,3,0,10000,23,511,0
feature-schema-v1,10542,70109,24,0,1,0,100067,100069,2,154200,151200,66900,8160,615,495,20,3,250,5000,28,786,0
feature-schema-v1,10543,70109,24,0,2,0,100056,100061,5,133200,126200,123600,7660,755,595,25,3,250,5000,36,991,0
feature-schema-v1,10544,70109,24,0,3,0,100058,100064,6,112200,101200,160300,7060,1455,825,36,3,1000,0,50,1756,0
feature-schema-v1,10545,70109,24,0,4,0,100059,100070,11,86200,71200,252000,6410,1055,1715,51,3,1000,0,68,1421,0
feature-schema-v1,10546,70110,24,0,0,1,100054,100060,6,127700,111700,112200,7320,765,665,31,4,500,5000,41,978,1
feature-schema-v1,10547,70110,24,0,1,1,100057,100064,7,66700,66700,96900,6870,975,715,33,4,1250,0,46,1253,1
feature-schema-v1,10548,70110,24,0,2,1,100060,100067,7,45700,41700,153600,6370,1115,815,38,4,1250,0,54,1458,1
feature-schema-v1,10549,70110,24,0,3,1,100061,100072,11,24700,16700,190300,5770,1815,1045,49,4,1250,0,68,2223,1
feature-schema-v1,10550,70110,24,0,4,1,100061,100077,16,1000,1000,282000,5120,1415,1935,64,4,1250,0,86,1888,1
feature-schema-v1,10551,70111,24,0,0,2,100054,100070,16,85200,72200,137200,6330,1425,885,51,5,1750,0,66,1744,2
feature-schema-v1,10552,70111,24,0,1,2,100058,100072,14,24200,27200,121900,5880,1635,935,53,5,1750,0,71,2019,2
feature-schema-v1,10553,70111,24,0,2,2,100060,100077,17,3200,2200,178600,5380,1775,1035,58,5,1750,0,79,2224,2
feature-schema-v1,10554,70111,24,0,3,2,100048,100069,21,1000,1000,215300,4780,2475,1265,69,5,1750,0,93,2989,2
feature-schema-v1,10555,70111,24,0,4,2,100050,100073,23,1000,1000,307000,4130,2075,2155,84,5,1750,0,111,2654,2
feature-schema-v1,10556,70112,24,0,0,3,100054,100080,26,55700,33700,162200,5040,1065,1415,72,2,2500,0,92,1490,3
feature-schema-v1,10557,70112,24,0,1,3,100044,100071,27,1000,1000,146900,4590,1275,1465,74,2,2500,0,97,1765,3
feature-schema-v1,10558,70112,24,0,2,3,100045,100075,30,1000,1000,203600,4090,1415,1565,79,2,2500,0,105,1970,3
feature-schema-v1,10559,70112,24,0,3,3,100048,100079,31,1000,1000,240300,3490,2115,1795,90,2,2500,0,119,2735,3
feature-schema-v1,10560,70112,24,0,4,3,100048,100084,36,1000,1000,332000,2840,1715,2685,105,2,2500,0,137,2400,3
feature-schema-v1,10561,70113,24,1,0,0,250096,250097,1,218700,199700,85700,8690,450,445,20,4,0,10000,25,573,0
feature-schema-v1,10562,70113,24,1,1,0,250085,250087,2,157700,154700,70400,8240,660,495,22,4,250,5000,30,848,0
feature-schema-v1,10563,70113,24,1,2,0,250087,250092,5,136700,129700,127100,7740,800,595,27,4,250,5000,38,1053,0
feature-schema-v1,10564,70113,24,1,3,0,250089,250095,6,115700,104700,163800,7140,1500,825,38,4,1000,0,52,1818,0
feature-schema-v1,10565,70113,24,1,4,0,250090,250101,11,89700,74700,255500,6490,1100,1715,53,4,1000,0,71,1483,0
feature-schema-v1,10566,70114,24,1,0,1,250085,250091,6,131200,115200,115700,7400,810,665,33,5,500,5000,43,1039,1
feature-schema-v1,10567,70114,24,1,1,1,250088,250095,7,70200,70200,100400,6950,1020,715,35,5,1250,0,48,1314,1
feature-schema-v1,10568,70114,24,1,2,1,250091,250098,7,49200,45200,157100,6450,1160,815,40,5,1250,0,56,1519,1
feature-schema-v1,10569,70114,24,1,3,1,250079,250090,11,28200,20200,193800,5850,1860,1045,51,5,1250,0,70,2284,1
feature-schema-v1,10570,70114,24,1,4,1,250079,250095,16,2200,1000,285500,5200,1460,1935,66,5,1250,0,89,1949,1
feature-schema-v1,10571,70115,24,1,0,2,250085,250101,16,88700,75700,140700,6410,1470,885,53,2,1750,0,68,1805,2
feature-schema-v1,10572,70115,24,1,1,2,250089,250103,14,27700,30700,125400,5960,1680,935,55,2,1750,0,73,2080,2
feature-schema-v1,10573,70115,24,1,2,2,250078,250095,17,6700,5700,182100,5460,1820,1035,60,2,1750,0,81,2285,2
feature-schema-v1,10574,70115,24,1,3,2,250079,250100,21,1000,1000,218800,4860,2520,1265,71,2,1750,0,95,3050,2
feature-schema-v1,10575,70115,24,1,4,2,250081,250104,23,1000,1000,310500,4210,2120,2155,86,2,1750,0,114,2715,2
feature-schema-v1,10576,70116,24,1,0,3,250072,250098,26,59200,37200,165700,5120,1110,1415,74,3,2500,0,94,1551,3
feature-schema-v1,10577,70116,24,1,1,3,250075,250102,27,1000,1000,150400,4670,1320,1465,76,3,2500,0,99,1826,3
feature-schema-v1,10578,70116,24,1,2,3,250076,250106,30,1000,1000,207100,4170,1460,1565,81,3,2500,0,107,2031,3
feature-schema-v1,10579,70116,24,1,3,3,250079,250110,31,1000,1000,243800,3570,2160,1795,92,3,2500,0,121,2796,3
feature-schema-v1,10580,70116,24,1,4,3,250066,250102,36,1000,1000,335500,2920,1760,2685,107,3,2500,0,140,2461,3
feature-schema-v1,10581,70117,24,2,0,0,18614,18615,1,222200,203200,89200,8770,495,445,22,5,0,10000,28,634,0
feature-schema-v1,10582,70117,24,2,1,0,18616,18618,2,161200,158200,73900,8320,705,495,24,5,250,5000,33,909,0
feature-schema-v1,10583,70117,24,2,2,0,18618,18623,5,140200,133200,130600,7820,845,595,29,5,250,5000,41,1114,0
feature-schema-v1,10584,70117,24,2,3,0,18620,18626,6,119200,108200,167300,7220,1545,825,40,5,1000,0,55,1879,0
feature-schema-v1,10585,70117,24,2,4,0,18608,18619,11,93200,78200,259000,6570,1145,1715,55,5,1000,0,73,1544,0
feature-schema-v1,10586,70118,24,2,0,1,18616,18622,6,134700,118700,119200,7480,855,665,35,2,500,5000,46,1100,1
feature-schema-v1,10587,70118,24,2,1,1,18619,18626,7,73700,73700,103900,7030,1065,715,37,2,1250,0,51,1375,1
feature-schema-v1,10588,70118,24,2,2,1,18609,18616,7,52700,48700,160600,6530,1205,815,42,2,1250,0,59,1580,1
feature-schema-v1,10589,70118,24,2,3,1,18610,18621,11,31700,23700,197300,5930,1905,1045,53,2,1250,0,73,2345,1
feature-schema-v1,10590,70118,24,2,4,1,18610,18626,16,5700,1000,289000,5280,1505,1935,68,2,1250,0,91,2010,1
feature-schema-v1,10591,70119,24,2,0,2,18603,18619,16,92200,79200,144200,6490,1515,885,55,3,1750,0,71,1866,2
feature-schema-v1,10592,70119,24,2,1,2,18607,18621,14,31200,34200,128900,6040,1725,935,57,3,1750,0,76,2141,2
feature-schema-v1,10593,70119,24,2,2,2,18609,18626,17,10200,9200,185600,5540,1865,1035,62,3,1750,0,84,2346,2
feature-schema-v1,10594,70119,24,2,3,2,18610,18631,21,1000,1000,222300,4940,2565,1265,73,3,1750,0,98,3111,2
feature-schema-v1,10595,70119,24,2,4,2,18612,18635,23,1000,1000,314000,4290,2165,2155,88,3,1750,0,116,2776,2
feature-schema-v1,10596,70120,24,2,0,3,18603,18629,26,62700,40700,169200,5200,1155,1415,76,4,2500,0,97,1613,3
feature-schema-v1,10597,70120,24,2,1,3,18606,18633,27,1700,1000,153900,4750,1365,1465,78,4,2500,0,102,1888,3
feature-schema-v1,10598,70120,24,2,2,3,18607,18637,30,1000,1000,210600,4250,1505,1565,83,4,2500,0,110,2093,3
feature-schema-v1,10599,70120,24,2,3,3,18597,18628,31,1000,1000,247300,3650,2205,1795,94,4,2500,0,124,2858,3
feature-schema-v1,10600,70120,24,2,4,3,18597,18633,36,1000,1000,339000,3000,1805,2685,109,4,2500,0,142,2523,3
