schema_version,event_id,parent_order_id,policy_version,instrument_id,venue_id,regime_id,bid_price_ticks,ask_price_ticks,spread_ticks,bid_qty,ask_qty,latency_nanos,fill_probability_bps,toxicity_bps,reject_rate_bps,slippage_bps,route_child_order_count,route_residual_qty,label_fill_bps,label_slippage_bps,label_toxicity_bps,label_regime_id
feature-schema-v1,1001,50001,7,0,0,0,100125,100126,1,185000,162000,82000,8420,210,85,3,3,0,10000,3,190,0
feature-schema-v1,1002,50001,7,0,1,0,100124,100126,2,94000,118000,146000,7730,320,140,6,3,0,10000,6,270,0
feature-schema-v1,1003,50001,7,0,2,0,100123,100127,4,52000,61000,248000,6210,760,460,14,3,0,0,14,810,0
feature-schema-v1,1004,50002,7,0,0,1,100118,100121,3,112000,104000,91000,7890,480,190,8,2,250,10000,8,510,1
feature-schema-v1,1005,50002,7,0,1,1,100117,100122,5,76000,82000,153000,7020,690,260,15,2,250,0,15,720,1
feature-schema-v1,1006,50002,7,0,2,1,100115,100124,9,42000,36000,312000,4980,1320,820,34,2,250,0,34,1500,1
feature-schema-v1,1007,50003,8,1,0,0,250340,250342,2,64000,71000,87000,8580,180,70,2,2,0,10000,2,160,0
feature-schema-v1,1008,50003,8,1,1,0,250338,250343,5,38000,44000,171000,7350,410,180,9,2,0,10000,9,390,0
feature-schema-v1,1009,50003,8,1,2,0,250337,250345,8,26000,21000,286000,5840,990,510,21,2,0,0,21,1080,0
feature-schema-v1,1010,50004,8,1,0,1,250322,250327,5,42000,39000,98000,7420,560,230,11,4,1000,10000,11,590,1
feature-schema-v1,1011,50004,8,1,1,1,250318,250329,11,31000,28000,184000,6530,880,330,22,4,1000,0,22,970,1
feature-schema-v1,1012,50004,8,1,2,1,250315,250334,19,19000,16000,341000,4210,1780,910,48,4,1000,0,48,1910,1
feature-schema-v1,1013,50005,9,0,0,2,100096,100104,8,57000,53000,116000,6880,910,360,18,3,0,10000,18,980,2
feature-schema-v1,1014,50005,9,0,1,2,100092,100108,16,34000,31000,211000,5740,1240,540,33,3,0,0,33,1340,2
feature-schema-v1,1015,50005,9,0,2,2,100088,100116,28,21000,18000,398000,3860,2260,1290,66,3,0,0,66,2440,2
feature-schema-v1,1016,50006,9,1,0,2,250280,250294,14,36000,33000,132000,6410,1020,410,25,2,500,10000,25,1110,2
feature-schema-v1,1017,50006,9,1,1,2,250272,250303,31,24000,22000,238000,5190,1510,690,42,2,500,0,42,1620,2
feature-schema-v1,1018,50006,9,1,2,2,250260,250318,58,13000,9000,451000,3410,2870,1540,91,2,500,0,91,3000,2
feature-schema-v1,1019,50007,10,0,0,0,100142,100143,1,202000,195000,79000,8710,160,65,2,3,0,10000,2,150,0
feature-schema-v1,1020,50007,10,0,1,0,100141,100143,2,121000,117000,139000,8060,260,110,5,3,0,10000,5,230,0
feature-schema-v1,1021,50007,10,0,2,0,100140,100145,5,61000,57000,254000,6380,680,430,16,3,0,0,16,760,0
feature-schema-v1,1022,50008,10,1,0,1,250355,250361,6,48000,45000,94000,7590,520,210,10,4,750,10000,10,560,1
feature-schema-v1,1023,50008,10,1,1,1,250350,250365,15,29000,26000,192000,6260,1010,420,28,4,750,0,28,1140,1
feature-schema-v1,1024,50008,10,1,2,1,250344,250374,30,17000,14000,376000,4520,1960,980,55,4,750,0,55,2110,1
